Name, User-ID, Pin
Admin, 00001, 314159
D. T, 00126, 592939
Freya Carey, 00304, 726522
Watson Cox, 00979, 605925
Sadie Atkinson, 00940, 256074
Duke Boyd, 00762, 503311
Georgia Horn, 00867, 104854
Wilson Huerta, 00312, 935648
Dulce Logan, 00357, 279824
Rocco King, 00259, 874315
Victoria Kent, 00804, 384089
Mekhi Case, 00404, 115384
Cleo Simon, 00163, 910847
Zayne Hess, 00587, 508021
Kaliyah Clarke, 00778, 154549
Stetson Velez, 00567, 416281
Megan Pena, 00465, 688949
Marcus Cano, 00564, 119040
Egypt Proctor, 00769, 736239
Vance Bond, 00617, 902791
Alena Bruce, 00275, 439208
Uriah Olson, 00861, 849422
Isabel Burnett, 00494, 957268
Davis Truong, 00661, 366296
Judith Mays, 00260, 431634
